{
    "Contributors": {
        "Developer": [
            "Shotoff Cool",
            "Obvious"
        ]
    },
    "DefuserDifficulty": "Easy",
    "Description": "Identify the missing port. Tags: 6-buttons, ports, needy, port-check",
    "ExpertDifficulty": "Easy",
    "ModuleID": "needyPortCheck",
    "Name": "Needy Port Check",
    "Origin": "Mods",
    "Published": "2025-12-16",
    "SortKey": "NEEDYPORTCHECK",
    "SourceUrl": "https://github.com/ShotoffCool/ktaneneedyportcheck",
    "SteamID": "3625244302",
    "Symbol": "Nypc",
    "Type": "Needy"
}